{
  "data" : [
    {
      "text" : ":/"
    },
    {
      "text" : ":D"
    },
    {
      "text" : "??"
    },
    {
      "text" : "A photo of a cat would be nice",
      "entities" : [
        {
          "entity" : "subject",
          "value" : "\"cat\"",
          "start" : 13,
          "end" : 16
        }
      ]
    },
    {
      "text" : "A photo of an elephants trunk would be nice",
      "entities" : [
        {
          "entity" : "subject",
          "value" : "\"elephants trunk\"",
          "start" : 14,
          "end" : 29
        }
      ]
    },
    {
      "text" : "A photo of an office desk would be good",
      "entities" : [
        {
          "entity" : "subject",
          "value" : "\"office desk\"",
          "start" : 14,
          "end" : 25
        }
      ]
    },
    {
      "text" : "Are you a bot?"
    },
    {
      "text" : "Awesome picture, can you get me one of a dog?",
      "entities" : [
        {
          "entity" : "subject",
          "value" : "\"dog\"",
          "start" : 41,
          "end" : 44
        }
      ]
    },
    {
      "text" : "Awesome!",
      "entities" : [
        {
          "entity" : "thanks",
          "value" : "\"Awesome!\"",
          "start" : 0,
          "end" : 8
        }
      ]
    },
    {
      "text" : "Awesome, cheers for that!",
      "entities" : [
        {
          "entity" : "thanks",
          "value" : "\"Awesome, cheers for that!\"",
          "start" : 0,
          "end" : 25
        }
      ]
    },
    {
      "text" : "Better sparkler photo?",
      "entities" : [
        {
          "entity" : "subject",
          "value" : "\"sparklers\"",
          "start" : 7,
          "end" : 15
        }
      ]
    },
    {
      "text" : "Campus society is a great brand"
    },
    {
      "text" : "Can I get a dog and cat photo please",
      "entities" : [
        {
          "entity" : "subject",
          "value" : "\"dog\"",
          "start" : 12,
          "end" : 15
        },
        {
          "entity" : "subject",
          "value" : "\"cat\"",
          "start" : 20,
          "end" : 23
        }
      ]
    },
    {
      "text" : "Can I get a photo of a cat, dog and monkey?",
      "entities" : [
        {
          "entity" : "subject",
          "value" : "\"cat\"",
          "start" : 23,
          "end" : 26
        },
        {
          "entity" : "subject",
          "value" : "\"dog\"",
          "start" : 28,
          "end" : 31
        },
        {
          "entity" : "subject",
          "value" : "\"monkey\"",
          "start" : 36,
          "end" : 42
        }
      ]
    },
    {
      "text" : "Can I get a photo of a cat, donkey and a dog?",
      "entities" : [
        {
          "entity" : "subject",
          "value" : "\"cat\"",
          "start" : 23,
          "end" : 26
        },
        {
          "entity" : "subject",
          "value" : "\"donkey\"",
          "start" : 28,
          "end" : 34
        },
        {
          "entity" : "subject",
          "value" : "\"dog\"",
          "start" : 41,
          "end" : 44
        }
      ]
    },
    {
      "text" : "Can I get a photo of a cat?",
      "entities" : [
        {
          "entity" : "subject",
          "value" : "\"cat\"",
          "start" : 23,
          "end" : 26
        }
      ]
    },
    {
      "text" : "Can I get a photo of a dog",
      "entities" : [
        {
          "entity" : "subject",
          "value" : "\"dog\"",
          "start" : 23,
          "end" : 26
        }
      ]
    },
    {
      "text" : "Can I get a photo of a dog and a cat",
      "entities" : [
        {
          "entity" : "subject",
          "value" : "\"dog\"",
          "start" : 23,
          "end" : 26
        },
        {
          "entity" : "subject",
          "value" : "\"cat\"",
          "start" : 33,
          "end" : 36
        }
      ]
    },
    {
      "text" : "Can I get a photo of a fishing rod please?",
      "entities" : [
        {
          "entity" : "subject",
          "value" : "\"fishing\"",
          "start" : 23,
          "end" : 30
        }
      ]
    },
    {
      "text" : "Can I get a photo of a giraffe?",
      "entities" : [
        {
          "entity" : "subject",
          "value" : "\"giraffe\"",
          "start" : 23,
          "end" : 30
        }
      ]
    },
    {
      "text" : "Can I get a photo of a pizza, and a burger, maybe a cat too?",
      "entities" : [
        {
          "entity" : "subject",
          "value" : "\"pizza\"",
          "start" : 23,
          "end" : 28
        },
        {
          "entity" : "subject",
          "value" : "\"burger\"",
          "start" : 36,
          "end" : 42
        },
        {
          "entity" : "subject",
          "value" : "\"cat\"",
          "start" : 52,
          "end" : 55
        }
      ]
    },
    {
      "text" : "Can I get a photo of a sparkler please?",
      "entities" : [
        {
          "entity" : "subject",
          "value" : "\"sparklers\"",
          "start" : 23,
          "end" : 31
        }
      ]
    },
    {
      "text" : "Can I get a picture of a cat please?",
      "entities" : [
        {
          "entity" : "subject",
          "value" : "\"cat\"",
          "start" : 25,
          "end" : 28
        }
      ]
    },
    {
      "text" : "Can I get some Jungfrau pics",
      "entities" : [
        {
          "entity" : "subject",
          "value" : "\"Jungfrau\"",
          "start" : 15,
          "end" : 23
        }
      ]
    },
    {
      "text" : "Can I get some Jungfrau pics?",
      "entities" : [
        {
          "entity" : "subject",
          "value" : "\"Jungfrau\"",
          "start" : 15,
          "end" : 23
        }
      ]
    },
    {
      "text" : "Can I get some different photos of cats, dogs and fish please?",
      "entities" : [
        {
          "entity" : "subject",
          "value" : "\"cats\"",
          "start" : 35,
          "end" : 39
        },
        {
          "entity" : "subject",
          "value" : "\"dogs\"",
          "start" : 41,
          "end" : 45
        },
        {
          "entity" : "subject",
          "value" : "\"fish\"",
          "start" : 50,
          "end" : 54
        }
      ]
    },
    {
      "text" : "Can I get some photos of cats please?",
      "entities" : [
        {
          "entity" : "subject",
          "value" : "\"cats\"",
          "start" : 25,
          "end" : 29
        }
      ]
    },
    {
      "text" : "Can I have a photo of a canvas?",
      "entities" : [
        {
          "entity" : "subject",
          "value" : "\"canvas\"",
          "start" : 24,
          "end" : 30
        }
      ]
    },
    {
      "text" : "Can I have pictures of cats, dogs and lemons please",
      "entities" : [
        {
          "entity" : "subject",
          "value" : "\"cats\"",
          "start" : 23,
          "end" : 27
        },
        {
          "entity" : "subject",
          "value" : "\"dogs\"",
          "start" : 29,
          "end" : 33
        },
        {
          "entity" : "subject",
          "value" : "\"lemons\"",
          "start" : 38,
          "end" : 44
        }
      ]
    },
    {
      "text" : "Can you find a picture of a lamp?"
    },
    {
      "text" : "Can you find me a picture of a chicken?",
      "entities" : [
        {
          "entity" : "subject",
          "value" : "\"chicken\"",
          "start" : 31,
          "end" : 38
        }
      ]
    },
    {
      "text" : "Can you find me a picture of a lamp?"
    },
    {
      "text" : "Can you find me photos of pizza?",
      "entities" : [
        {
          "entity" : "subject",
          "value" : "\"pizza\"",
          "start" : 26,
          "end" : 31
        }
      ]
    },
    {
      "text" : "Can you find me photos of sparklers?"
    },
    {
      "text" : "Can you find me pictures of cats?",
      "entities" : [
        {
          "entity" : "subject",
          "value" : "\"cats\"",
          "start" : 28,
          "end" : 32
        }
      ]
    },
    {
      "text" : "Can you find me pictures of monkeys"
    },
    {
      "text" : "Can you find me some photos of cats?",
      "entities" : [
        {
          "entity" : "subject",
          "value" : "\"cats\"",
          "start" : 31,
          "end" : 35
        }
      ]
    },
    {
      "text" : "Can you find my a photo of a surfer with mountains?",
      "entities" : [
        {
          "entity" : "subject",
          "value" : "\"surfer\"",
          "start" : 29,
          "end" : 35
        },
        {
          "entity" : "subject",
          "value" : "\"mountains\"",
          "start" : 41,
          "end" : 50
        }
      ]
    },
    {
      "text" : "Can you get me a photo of a cat?",
      "entities" : [
        {
          "entity" : "subject",
          "value" : "\"cat\"",
          "start" : 28,
          "end" : 31
        }
      ]
    },
    {
      "text" : "Can you get me pictures of cats?",
      "entities" : [
        {
          "entity" : "subject",
          "value" : "\"cats\"",
          "start" : 27,
          "end" : 31
        }
      ]
    },
    {
      "text" : "Can you get me some photos?"
    },
    {
      "text" : "Can you show me photos of cats?",
      "entities" : [
        {
          "entity" : "subject",
          "value" : "\"cats\"",
          "start" : 26,
          "end" : 30
        }
      ]
    },
    {
      "text" : "Cat photo",
      "entities" : [
        {
          "entity" : "subject",
          "value" : "\"cat\"",
          "start" : 0,
          "end" : 3
        }
      ]
    },
    {
      "text" : "Cat photo. Now.",
      "entities" : [
        {
          "entity" : "subject",
          "value" : "\"cat\"",
          "start" : 0,
          "end" : 3
        }
      ]
    },
    {
      "text" : "Cheers!",
      "entities" : [
        {
          "entity" : "thanks",
          "value" : "\"Cheers!\"",
          "start" : 0,
          "end" : 7
        }
      ]
    },
    {
      "text" : "Cool",
      "entities" : [
        {
          "entity" : "thanks",
          "value" : "\"Cool\"",
          "start" : 0,
          "end" : 4
        }
      ]
    },
    {
      "text" : "Different sparkler photo",
      "entities" : [
        {
          "entity" : "subject",
          "value" : "\"sparklers\"",
          "start" : 10,
          "end" : 18
        }
      ]
    },
    {
      "text" : "Elephant photos",
      "entities" : [
        {
          "entity" : "subject",
          "value" : "\"Elephant\"",
          "start" : 0,
          "end" : 8
        }
      ]
    },
    {
      "text" : "Find lemons",
      "entities" : [
        {
          "entity" : "subject",
          "value" : "\"lemons\"",
          "start" : 5,
          "end" : 11
        }
      ]
    },
    {
      "text" : "Find me a photo of a baby",
      "entities" : [
        {
          "entity" : "subject",
          "value" : "\"baby\"",
          "start" : 21,
          "end" : 25
        }
      ]
    },
    {
      "text" : "Find me a photo of an elephant",
      "entities" : [
        {
          "entity" : "subject",
          "value" : "\"elephant\"",
          "start" : 22,
          "end" : 30
        }
      ]
    },
    {
      "text" : "Find me a photo of pizza",
      "entities" : [
        {
          "entity" : "subject",
          "value" : "\"pizza\"",
          "start" : 19,
          "end" : 24
        }
      ]
    },
    {
      "text" : "Find me a picture of a kangaroo?",
      "entities" : [
        {
          "entity" : "subject",
          "value" : "\"kangaroo\"",
          "start" : 23,
          "end" : 31
        }
      ]
    },
    {
      "text" : "Find me a picture of a puppy",
      "entities" : [
        {
          "entity" : "subject",
          "value" : "\"puppy\"",
          "start" : 23,
          "end" : 28
        }
      ]
    },
    {
      "text" : "Find me cat photos"
    },
    {
      "text" : "Find me dog photos"
    },
    {
      "text" : "Find me photos of cats with desks",
      "entities" : [
        {
          "entity" : "subject",
          "value" : "\"cats\"",
          "start" : 18,
          "end" : 22
        },
        {
          "entity" : "subject",
          "value" : "\"desks\"",
          "start" : 28,
          "end" : 33
        }
      ]
    },
    {
      "text" : "Find me photos of chickens",
      "entities" : [
        {
          "entity" : "subject",
          "value" : "\"chickens\"",
          "start" : 18,
          "end" : 26
        }
      ]
    },
    {
      "text" : "Find me photos of elephants"
    },
    {
      "text" : "Find me photos of lemons",
      "entities" : [
        {
          "entity" : "subject",
          "value" : "\"lemons\"",
          "start" : 18,
          "end" : 24
        }
      ]
    },
    {
      "text" : "Find me photos of lemons, bananas and apples",
      "entities" : [
        {
          "entity" : "subject",
          "value" : "\"lemons\"",
          "start" : 18,
          "end" : 24
        },
        {
          "entity" : "subject",
          "value" : "\"bananas\"",
          "start" : 26,
          "end" : 33
        },
        {
          "entity" : "subject",
          "value" : "\"apples\"",
          "start" : 38,
          "end" : 44
        }
      ]
    },
    {
      "text" : "Find me photos of tables",
      "entities" : [
        {
          "entity" : "subject",
          "value" : "\"tables\"",
          "start" : 18,
          "end" : 24
        }
      ]
    },
    {
      "text" : "Find me pics of people using iphones",
      "entities" : [
        {
          "entity" : "subject",
          "value" : "\"people\"",
          "start" : 16,
          "end" : 22
        },
        {
          "entity" : "subject",
          "value" : "\"iphones\"",
          "start" : 29,
          "end" : 36
        }
      ]
    },
    {
      "text" : "Find me pictures of cats",
      "entities" : [
        {
          "entity" : "subject",
          "value" : "\"cats\"",
          "start" : 20,
          "end" : 24
        }
      ]
    },
    {
      "text" : "Find me pictures of cats and dogs please",
      "entities" : [
        {
          "entity" : "subject",
          "value" : "\"cats\"",
          "start" : 20,
          "end" : 24
        },
        {
          "entity" : "subject",
          "value" : "\"dogs\"",
          "start" : 29,
          "end" : 33
        }
      ]
    },
    {
      "text" : "Find me pictures of desks"
    },
    {
      "text" : "Find me pictures with mice",
      "entities" : [
        {
          "entity" : "subject",
          "value" : "\"mice\"",
          "start" : 22,
          "end" : 26
        }
      ]
    },
    {
      "text" : "Find me some pictures of dogs"
    },
    {
      "text" : "Find me some yellow photos",
      "entities" : [
        {
          "entity" : "subject",
          "value" : "\"yellow\"",
          "start" : 13,
          "end" : 19
        }
      ]
    },
    {
      "text" : "Find me sparkler photos"
    },
    {
      "text" : "Find photos of cats",
      "entities" : [
        {
          "entity" : "subject",
          "value" : "\"cats\"",
          "start" : 15,
          "end" : 19
        }
      ]
    },
    {
      "text" : "Find photos of chickens",
      "entities" : [
        {
          "entity" : "subject",
          "value" : "\"chickens\"",
          "start" : 15,
          "end" : 23
        }
      ]
    },
    {
      "text" : "Find photos of dogs",
      "entities" : [
        {
          "entity" : "subject",
          "value" : "\"dogs\"",
          "start" : 15,
          "end" : 19
        }
      ]
    },
    {
      "text" : "Find photos of dogs, cats and also tigers",
      "entities" : [
        {
          "entity" : "subject",
          "value" : "\"dogs\"",
          "start" : 15,
          "end" : 19
        },
        {
          "entity" : "subject",
          "value" : "\"cats\"",
          "start" : 21,
          "end" : 25
        },
        {
          "entity" : "subject",
          "value" : "\"tigers\"",
          "start" : 35,
          "end" : 41
        }
      ]
    },
    {
      "text" : "Find photos of lemons, chickens and cats",
      "entities" : [
        {
          "entity" : "subject",
          "value" : "\"lemons\"",
          "start" : 15,
          "end" : 21
        },
        {
          "entity" : "subject",
          "value" : "\"chickens\"",
          "start" : 23,
          "end" : 31
        },
        {
          "entity" : "subject",
          "value" : "\"cats\"",
          "start" : 36,
          "end" : 40
        }
      ]
    },
    {
      "text" : "Find pictures of cats"
    },
    {
      "text" : "Find pictures of dogs"
    },
    {
      "text" : "Find pictures of lemons",
      "entities" : [
        {
          "entity" : "subject",
          "value" : "\"lemons\"",
          "start" : 17,
          "end" : 23
        }
      ]
    },
    {
      "text" : "Fish photos please",
      "entities" : [
        {
          "entity" : "subject",
          "value" : "\"fish\"",
          "start" : 0,
          "end" : 4
        }
      ]
    },
    {
      "text" : "Get cat photos"
    },
    {
      "text" : "Get desk photos"
    },
    {
      "text" : "Get me photos of cats, dogs and lemons please!",
      "entities" : [
        {
          "entity" : "subject",
          "value" : "\"cats\"",
          "start" : 17,
          "end" : 21
        },
        {
          "entity" : "subject",
          "value" : "\"dogs\"",
          "start" : 23,
          "end" : 27
        },
        {
          "entity" : "subject",
          "value" : "\"lemons\"",
          "start" : 32,
          "end" : 38
        }
      ]
    },
    {
      "text" : "Get me pics of toyota cars",
      "entities" : [
        {
          "entity" : "subject",
          "value" : "\"toyota\"",
          "start" : 15,
          "end" : 21
        },
        {
          "entity" : "subject",
          "value" : "\"cars\"",
          "start" : 22,
          "end" : 26
        }
      ]
    },
    {
      "text" : "Get me pictures of cats playing with dogs."
    },
    {
      "text" : "Get me some photos of cars",
      "entities" : [
        {
          "entity" : "subject",
          "value" : "\"cars\"",
          "start" : 22,
          "end" : 26
        }
      ]
    },
    {
      "text" : "Get monkey photos"
    },
    {
      "text" : "Girls",
      "entities" : [
        {
          "entity" : "subject",
          "value" : "\"Girls\"",
          "start" : 0,
          "end" : 5
        }
      ]
    },
    {
      "text" : "Good job!",
      "entities" : [
        {
          "entity" : "thanks",
          "value" : "\"Good job!\"",
          "start" : 0,
          "end" : 9
        }
      ]
    },
    {
      "text" : "Good morning, I want a photo of dogs, please can you find that for me?"
    },
    {
      "text" : "H"
    },
    {
      "text" : "Ha"
    },
    {
      "text" : "Hello"
    },
    {
      "text" : "Hello Unsplash bot!",
      "entities" : [
        {
          "entity" : "greeting",
          "value" : "\"hello\"",
          "start" : 0,
          "end" : 5
        }
      ]
    },
    {
      "text" : "Hello can I get a photo of a dog please, thank you.",
      "entities" : [
        {
          "entity" : "greeting",
          "value" : "\"hello\"",
          "start" : 0,
          "end" : 5
        },
        {
          "entity" : "subject",
          "value" : "\"dog\"",
          "start" : 29,
          "end" : 32
        }
      ]
    },
    {
      "text" : "Hello photos of dogs please",
      "entities" : [
        {
          "entity" : "subject",
          "value" : "\"dogs\"",
          "start" : 16,
          "end" : 20
        }
      ]
    },
    {
      "text" : "Hello please can I get a picture of a cat thanks?",
      "entities" : [
        {
          "entity" : "greeting",
          "value" : "\"hello\"",
          "start" : 0,
          "end" : 5
        },
        {
          "entity" : "subject",
          "value" : "\"cat\"",
          "start" : 38,
          "end" : 41
        }
      ]
    },
    {
      "text" : "Hello there mr robot!",
      "entities" : [
        {
          "entity" : "greeting",
          "value" : "\"hello\"",
          "start" : 0,
          "end" : 5
        }
      ]
    },
    {
      "text" : "Hello world!"
    },
    {
      "text" : "Hello!",
      "entities" : [
        {
          "entity" : "greeting",
          "value" : "\"Hello\"",
          "start" : 0,
          "end" : 5
        }
      ]
    },
    {
      "text" : "Hello, Can I get a picture of a fish?",
      "entities" : [
        {
          "entity" : "subject",
          "value" : "\"fish\"",
          "start" : 32,
          "end" : 36
        }
      ]
    },
    {
      "text" : "Hello, I like cats",
      "entities" : [
        {
          "entity" : "subject",
          "value" : "\"cats\"",
          "start" : 14,
          "end" : 18
        }
      ]
    },
    {
      "text" : "Hello, I like photos of dogs",
      "entities" : [
        {
          "entity" : "subject",
          "value" : "\"dogs\"",
          "start" : 24,
          "end" : 28
        }
      ]
    },
    {
      "text" : "Hello, can you find me photos of mustangs?",
      "entities" : [
        {
          "entity" : "subject",
          "value" : "\"mustangs\"",
          "start" : 33,
          "end" : 41
        }
      ]
    },
    {
      "text" : "Hello, how are you?"
    },
    {
      "text" : "Hello?",
      "entities" : [
        {
          "entity" : "greeting",
          "value" : "\"hello\"",
          "start" : 0,
          "end" : 5
        }
      ]
    },
    {
      "text" : "Help me find some photos of deer",
      "entities" : [
        {
          "entity" : "subject",
          "value" : "\"deer\"",
          "start" : 28,
          "end" : 32
        }
      ]
    },
    {
      "text" : "Hey"
    },
    {
      "text" : "Hey Can I get a photo of a cat",
      "entities" : [
        {
          "entity" : "greeting",
          "value" : "\"hey\"",
          "start" : 0,
          "end" : 3
        },
        {
          "entity" : "subject",
          "value" : "\"cat\"",
          "start" : 27,
          "end" : 30
        }
      ]
    },
    {
      "text" : "Hey I like monkeys",
      "entities" : [
        {
          "entity" : "subject",
          "value" : "\"monkeys\"",
          "start" : 11,
          "end" : 18
        }
      ]
    },
    {
      "text" : "Hey can I see a grass photo?",
      "entities" : [
        {
          "entity" : "greeting",
          "value" : "\"hey\"",
          "start" : 0,
          "end" : 3
        },
        {
          "entity" : "subject",
          "value" : "\"grass\"",
          "start" : 16,
          "end" : 21
        }
      ]
    },
    {
      "text" : "Hey there!",
      "entities" : [
        {
          "entity" : "greeting",
          "value" : "\"hey\"",
          "start" : 0,
          "end" : 3
        }
      ]
    },
    {
      "text" : "Hey unsplash bot!",
      "entities" : [
        {
          "entity" : "greeting",
          "value" : "\"hey\"",
          "start" : 0,
          "end" : 3
        }
      ]
    },
    {
      "text" : "Hey!"
    },
    {
      "text" : "Hey, Can I get a photo of a dish?",
      "entities" : [
        {
          "entity" : "subject",
          "value" : "\"dish\"",
          "start" : 28,
          "end" : 32
        }
      ]
    },
    {
      "text" : "Hey, How are you? Can I have a picture of a cat please!",
      "entities" : [
        {
          "entity" : "subject",
          "value" : "\"cat\"",
          "start" : 44,
          "end" : 47
        }
      ]
    },
    {
      "text" : "Hey, I like cats",
      "entities" : [
        {
          "entity" : "subject",
          "value" : "\"cats\"",
          "start" : 12,
          "end" : 16
        }
      ]
    },
    {
      "text" : "Hey, I like donkeys!",
      "entities" : [
        {
          "entity" : "greeting",
          "value" : "\"hey\"",
          "start" : 0,
          "end" : 3
        },
        {
          "entity" : "subject",
          "value" : "\"donkeys\"",
          "start" : 12,
          "end" : 19
        }
      ]
    },
    {
      "text" : "Hey, can I get a photo of a chicken please?",
      "entities" : [
        {
          "entity" : "subject",
          "value" : "\"chicken\"",
          "start" : 28,
          "end" : 35
        }
      ]
    },
    {
      "text" : "Hey, can I see a fish photo please?",
      "entities" : [
        {
          "entity" : "subject",
          "value" : "\"fish\"",
          "start" : 17,
          "end" : 21
        }
      ]
    },
    {
      "text" : "Hey, can I see a fish?",
      "entities" : [
        {
          "entity" : "subject",
          "value" : "\"fish\"",
          "start" : 17,
          "end" : 21
        }
      ]
    },
    {
      "text" : "Hey, can I see a photo of a cat?",
      "entities" : [
        {
          "entity" : "greeting",
          "value" : "\"Hey\"",
          "start" : 0,
          "end" : 3
        },
        {
          "entity" : "subject",
          "value" : "\"cat\"",
          "start" : 28,
          "end" : 31
        }
      ]
    },
    {
      "text" : "Hey, can you find me photos of cats please!",
      "entities" : [
        {
          "entity" : "greeting",
          "value" : "\"hey\"",
          "start" : 0,
          "end" : 3
        },
        {
          "entity" : "subject",
          "value" : "\"cats\"",
          "start" : 31,
          "end" : 35
        }
      ]
    },
    {
      "text" : "Hey, can you find me pictures of cats?"
    },
    {
      "text" : "Hey, can you get me a photo off the rain?",
      "entities" : [
        {
          "entity" : "greeting",
          "value" : "\"hey\"",
          "start" : 0,
          "end" : 3
        },
        {
          "entity" : "subject",
          "value" : "\"rain\"",
          "start" : 36,
          "end" : 40
        }
      ]
    },
    {
      "text" : "Hey, can you show me photos of cats, dogs and laptops please?",
      "entities" : [
        {
          "entity" : "greeting",
          "value" : "\"hey\"",
          "start" : 0,
          "end" : 3
        },
        {
          "entity" : "subject",
          "value" : "\"cats\"",
          "start" : 31,
          "end" : 35
        },
        {
          "entity" : "subject",
          "value" : "\"dogs\"",
          "start" : 37,
          "end" : 41
        },
        {
          "entity" : "subject",
          "value" : "\"laptops\"",
          "start" : 46,
          "end" : 53
        }
      ]
    },
    {
      "text" : "Hey, can you show me some photos of dogs, money, chickens and spider webs?",
      "entities" : [
        {
          "entity" : "greeting",
          "value" : "\"hey\"",
          "start" : 0,
          "end" : 3
        },
        {
          "entity" : "subject",
          "value" : "\"dogs\"",
          "start" : 36,
          "end" : 40
        },
        {
          "entity" : "subject",
          "value" : "\"money\"",
          "start" : 42,
          "end" : 47
        },
        {
          "entity" : "subject",
          "value" : "\"chickens\"",
          "start" : 49,
          "end" : 57
        },
        {
          "entity" : "subject",
          "value" : "\"spider webs\"",
          "start" : 62,
          "end" : 73
        }
      ]
    },
    {
      "text" : "Hey, how's it going?"
    },
    {
      "text" : "Hey, please can I get photos of cats, dogs and lemons?",
      "entities" : [
        {
          "entity" : "greeting",
          "value" : "\"hey\"",
          "start" : 0,
          "end" : 3
        },
        {
          "entity" : "subject",
          "value" : "\"cats\"",
          "start" : 32,
          "end" : 36
        },
        {
          "entity" : "subject",
          "value" : "\"dogs\"",
          "start" : 38,
          "end" : 42
        },
        {
          "entity" : "subject",
          "value" : "\"lemons\"",
          "start" : 47,
          "end" : 53
        }
      ]
    },
    {
      "text" : "Heyyy",
      "entities" : [
        {
          "entity" : "greeting",
          "value" : "\"Heyyy\"",
          "start" : 0,
          "end" : 5
        }
      ]
    },
    {
      "text" : "Hi"
    },
    {
      "text" : "Hi get me a photo of a dog?",
      "entities" : [
        {
          "entity" : "subject",
          "value" : "\"dog\"",
          "start" : 23,
          "end" : 26
        }
      ]
    },
    {
      "text" : "Hi photos of cats, lemons and fish please!",
      "entities" : [
        {
          "entity" : "greeting",
          "value" : "\"hi\"",
          "start" : 0,
          "end" : 2
        },
        {
          "entity" : "subject",
          "value" : "\"cats\"",
          "start" : 13,
          "end" : 17
        },
        {
          "entity" : "subject",
          "value" : "\"lemons\"",
          "start" : 19,
          "end" : 25
        },
        {
          "entity" : "subject",
          "value" : "\"fish\"",
          "start" : 30,
          "end" : 34
        }
      ]
    },
    {
      "text" : "Hi unsplash bot!",
      "entities" : [
        {
          "entity" : "greeting",
          "value" : "\"hi\"",
          "start" : 0,
          "end" : 2
        }
      ]
    },
    {
      "text" : "Hi!",
      "entities" : [
        {
          "entity" : "greeting",
          "value" : "\"hi\"",
          "start" : 0,
          "end" : 2
        }
      ]
    },
    {
      "text" : "Hi, I'd like photos of cats please!",
      "entities" : [
        {
          "entity" : "subject",
          "value" : "\"cats\"",
          "start" : 23,
          "end" : 27
        }
      ]
    },
    {
      "text" : "Hi, can I get a photo of a highchair please?",
      "entities" : [
        {
          "entity" : "greeting",
          "value" : "\"hi\"",
          "start" : 0,
          "end" : 2
        },
        {
          "entity" : "subject",
          "value" : "\"highchair\"",
          "start" : 27,
          "end" : 36
        }
      ]
    },
    {
      "text" : "Hi, photos of lemons please",
      "entities" : [
        {
          "entity" : "subject",
          "value" : "\"lemons\"",
          "start" : 14,
          "end" : 20
        }
      ]
    },
    {
      "text" : "How about a photo of a dog, and a cat too?",
      "entities" : [
        {
          "entity" : "subject",
          "value" : "\"dog\"",
          "start" : 23,
          "end" : 26
        },
        {
          "entity" : "subject",
          "value" : "\"cat\"",
          "start" : 34,
          "end" : 37
        }
      ]
    },
    {
      "text" : "How about a photo of a dog, monkey and a fish?",
      "entities" : [
        {
          "entity" : "subject",
          "value" : "\"dog\"",
          "start" : 23,
          "end" : 26
        },
        {
          "entity" : "subject",
          "value" : "\"monkey\"",
          "start" : 28,
          "end" : 34
        },
        {
          "entity" : "subject",
          "value" : "\"fish\"",
          "start" : 41,
          "end" : 45
        }
      ]
    },
    {
      "text" : "How about a train station?",
      "entities" : [
        {
          "entity" : "subject",
          "value" : "\"train station\"",
          "start" : 12,
          "end" : 25
        }
      ]
    },
    {
      "text" : "How about you get me a picture of a lion",
      "entities" : [
        {
          "entity" : "subject",
          "value" : "\"lion\"",
          "start" : 36,
          "end" : 40
        }
      ]
    },
    {
      "text" : "How's it going?"
    },
    {
      "text" : "Howdy"
    },
    {
      "text" : "Howdy!"
    },
    {
      "text" : "Hsisbjs"
    },
    {
      "text" : "I don't understand either"
    },
    {
      "text" : "I like Zurich",
      "entities" : [
        {
          "entity" : "subject",
          "value" : "\"Zurich\"",
          "start" : 7,
          "end" : 13
        }
      ]
    },
    {
      "text" : "I like cats",
      "entities" : [
        {
          "entity" : "subject",
          "value" : "\"cats\"",
          "start" : 7,
          "end" : 11
        }
      ]
    },
    {
      "text" : "I like cats and dogs",
      "entities" : [
        {
          "entity" : "subject",
          "value" : "\"cats\"",
          "start" : 7,
          "end" : 11
        },
        {
          "entity" : "subject",
          "value" : "\"dogs\"",
          "start" : 16,
          "end" : 20
        }
      ]
    },
    {
      "text" : "I like photos of chickens, lemons, seaguls and big red tables",
      "entities" : [
        {
          "entity" : "subject",
          "value" : "\"chickens\"",
          "start" : 17,
          "end" : 25
        },
        {
          "entity" : "subject",
          "value" : "\"lemons\"",
          "start" : 27,
          "end" : 33
        },
        {
          "entity" : "subject",
          "value" : "\"seaguls\"",
          "start" : 35,
          "end" : 42
        },
        {
          "entity" : "subject",
          "value" : "\"tables\"",
          "start" : 55,
          "end" : 61
        }
      ]
    },
    {
      "text" : "I like pizza",
      "entities" : [
        {
          "entity" : "subject",
          "value" : "\"pizza\"",
          "start" : 7,
          "end" : 12
        }
      ]
    },
    {
      "text" : "I like pizza too",
      "entities" : [
        {
          "entity" : "subject",
          "value" : "\"pizza\"",
          "start" : 7,
          "end" : 12
        }
      ]
    },
    {
      "text" : "I like pizza!",
      "entities" : [
        {
          "entity" : "subject",
          "value" : "\"pizza\"",
          "start" : 7,
          "end" : 12
        }
      ]
    },
    {
      "text" : "I like printers",
      "entities" : [
        {
          "entity" : "subject",
          "value" : "\"printers\"",
          "start" : 7,
          "end" : 15
        }
      ]
    },
    {
      "text" : "I like sandwiches",
      "entities" : [
        {
          "entity" : "subject",
          "value" : "\"sandwiches\"",
          "start" : 7,
          "end" : 17
        }
      ]
    },
    {
      "text" : "I need a photo of a desk",
      "entities" : [
        {
          "entity" : "subject",
          "value" : "\"desk\"",
          "start" : 20,
          "end" : 24
        }
      ]
    },
    {
      "text" : "I want some chicken photos please!",
      "entities" : [
        {
          "entity" : "subject",
          "value" : "\"chicken\"",
          "start" : 12,
          "end" : 19
        }
      ]
    },
    {
      "text" : "I want some dog photos please!",
      "entities" : [
        {
          "entity" : "subject",
          "value" : "\"dog\"",
          "start" : 12,
          "end" : 15
        }
      ]
    },
    {
      "text" : "I want to see some dog photos and also perhaps some chickens too.",
      "entities" : [
        {
          "entity" : "subject",
          "value" : "\"dog\"",
          "start" : 19,
          "end" : 22
        },
        {
          "entity" : "subject",
          "value" : "\"chickens\"",
          "start" : 52,
          "end" : 60
        }
      ]
    },
    {
      "text" : "I would like to see a good photo of a spider",
      "entities" : [
        {
          "entity" : "subject",
          "value" : "\"spider\"",
          "start" : 38,
          "end" : 44
        }
      ]
    },
    {
      "text" : "I would like to see photos of stairs",
      "entities" : [
        {
          "entity" : "subject",
          "value" : "\"stairs\"",
          "start" : 30,
          "end" : 36
        }
      ]
    },
    {
      "text" : "I'd like a photo of a blue cat",
      "entities" : [
        {
          "entity" : "subject",
          "value" : "\"blue\"",
          "start" : 22,
          "end" : 26
        },
        {
          "entity" : "subject",
          "value" : "\"cat\"",
          "start" : 27,
          "end" : 30
        }
      ]
    },
    {
      "text" : "I'd like a photo of a cat, a sparkler and maybe an elephant too",
      "entities" : [
        {
          "entity" : "subject",
          "value" : "\"cat\"",
          "start" : 22,
          "end" : 25
        },
        {
          "entity" : "subject",
          "value" : "\"sparklers\"",
          "start" : 29,
          "end" : 37
        },
        {
          "entity" : "subject",
          "value" : "\"Elephant\"",
          "start" : 51,
          "end" : 59
        }
      ]
    },
    {
      "text" : "I'd like a photo of a cat, dog and monkey please",
      "entities" : [
        {
          "entity" : "subject",
          "value" : "\"cat\"",
          "start" : 22,
          "end" : 25
        },
        {
          "entity" : "subject",
          "value" : "\"dog\"",
          "start" : 27,
          "end" : 30
        },
        {
          "entity" : "subject",
          "value" : "\"monkey\"",
          "start" : 35,
          "end" : 41
        }
      ]
    },
    {
      "text" : "I'd like a photo of a pizza",
      "entities" : [
        {
          "entity" : "subject",
          "value" : "\"pizza\"",
          "start" : 22,
          "end" : 27
        }
      ]
    },
    {
      "text" : "I'd like a photo of a yellow dog",
      "entities" : [
        {
          "entity" : "subject",
          "value" : "\"yellow\"",
          "start" : 22,
          "end" : 28
        },
        {
          "entity" : "subject",
          "value" : "\"dog\"",
          "start" : 29,
          "end" : 32
        }
      ]
    },
    {
      "text" : "I'd like pictures of chickens",
      "entities" : [
        {
          "entity" : "subject",
          "value" : "\"chickens\"",
          "start" : 21,
          "end" : 29
        }
      ]
    },
    {
      "text" : "I'd like some pics of cats please!",
      "entities" : [
        {
          "entity" : "subject",
          "value" : "\"cats\"",
          "start" : 22,
          "end" : 26
        }
      ]
    },
    {
      "text" : "I'd like some pictures of cats, dogs and monkeys please!",
      "entities" : [
        {
          "entity" : "subject",
          "value" : "\"cats\"",
          "start" : 26,
          "end" : 30
        },
        {
          "entity" : "subject",
          "value" : "\"dogs\"",
          "start" : 32,
          "end" : 36
        },
        {
          "entity" : "subject",
          "value" : "\"monkeys\"",
          "start" : 41,
          "end" : 48
        }
      ]
    },
    {
      "text" : "I'd like some pictures.. here's what I want:\n\nCats\nDogs\nFish\n\nThank you!",
      "entities" : [
        {
          "entity" : "subject",
          "value" : "\"cats\"",
          "start" : 46,
          "end" : 50
        },
        {
          "entity" : "subject",
          "value" : "\"dogs\"",
          "start" : 51,
          "end" : 55
        },
        {
          "entity" : "subject",
          "value" : "\"fish\"",
          "start" : 56,
          "end" : 60
        }
      ]
    },
    {
      "text" : "I'm interested in laptops",
      "entities" : [
        {
          "entity" : "subject",
          "value" : "\"laptops\"",
          "start" : 18,
          "end" : 25
        }
      ]
    },
    {
      "text" : "I'm interested in photos of cats. Maybe dogs too. Can you sort that out for me?",
      "entities" : [
        {
          "entity" : "subject",
          "value" : "\"cats\"",
          "start" : 28,
          "end" : 32
        },
        {
          "entity" : "subject",
          "value" : "\"dogs\"",
          "start" : 40,
          "end" : 44
        }
      ]
    },
    {
      "text" : "Just not plain ones"
    },
    {
      "text" : "More photos of deer please!",
      "entities" : [
        {
          "entity" : "subject",
          "value" : "\"deer\"",
          "start" : 15,
          "end" : 19
        }
      ]
    },
    {
      "text" : "Nein"
    },
    {
      "text" : "Nice",
      "entities" : [
        {
          "entity" : "thanks",
          "value" : "\"Nice\"",
          "start" : 0,
          "end" : 4
        }
      ]
    },
    {
      "text" : "Nice one!",
      "entities" : [
        {
          "entity" : "thanks",
          "value" : "\"Nice one!\"",
          "start" : 0,
          "end" : 9
        }
      ]
    },
    {
      "text" : "Nice!",
      "entities" : [
        {
          "entity" : "thanks",
          "value" : "\"Nice\"",
          "start" : 0,
          "end" : 4
        }
      ]
    },
    {
      "text" : "Nice, Thank you so much!",
      "entities" : [
        {
          "entity" : "thanks",
          "value" : "\"Nice\"",
          "start" : 0,
          "end" : 4
        },
        {
          "entity" : "thanks",
          "value" : "\"Thank you!\"",
          "start" : 6,
          "end" : 15
        }
      ]
    },
    {
      "text" : "Nice, how about a picture of a sparkler, and perhaps a photo of a donkey?",
      "entities" : [
        {
          "entity" : "subject",
          "value" : "\"sparklers\"",
          "start" : 31,
          "end" : 39
        },
        {
          "entity" : "subject",
          "value" : "\"donkey\"",
          "start" : 66,
          "end" : 72
        }
      ]
    },
    {
      "text" : "Oi",
      "entities" : [
        {
          "entity" : "greeting",
          "value" : "\"Oi\"",
          "start" : 0,
          "end" : 2
        }
      ]
    },
    {
      "text" : "Oi.. get me a cat photo and a dog photo.. and maybe a sparkler photo too",
      "entities" : [
        {
          "entity" : "greeting",
          "value" : "\"Oi\"",
          "start" : 0,
          "end" : 2
        },
        {
          "entity" : "subject",
          "value" : "\"cat\"",
          "start" : 14,
          "end" : 17
        },
        {
          "entity" : "subject",
          "value" : "\"dog\"",
          "start" : 30,
          "end" : 33
        },
        {
          "entity" : "subject",
          "value" : "\"sparklers\"",
          "start" : 54,
          "end" : 62
        }
      ]
    },
    {
      "text" : "Okay that's cool!"
    },
    {
      "text" : "Photos of Labradors",
      "entities" : [
        {
          "entity" : "subject",
          "value" : "\"Labradors\"",
          "start" : 10,
          "end" : 19
        }
      ]
    },
    {
      "text" : "Photos of cats please!",
      "entities" : [
        {
          "entity" : "subject",
          "value" : "\"cats\"",
          "start" : 10,
          "end" : 14
        }
      ]
    },
    {
      "text" : "Photos of cats, dogs and chickens please!",
      "entities" : [
        {
          "entity" : "subject",
          "value" : "\"cats\"",
          "start" : 10,
          "end" : 14
        },
        {
          "entity" : "subject",
          "value" : "\"dogs\"",
          "start" : 16,
          "end" : 20
        },
        {
          "entity" : "subject",
          "value" : "\"chickens\"",
          "start" : 25,
          "end" : 33
        }
      ]
    },
    {
      "text" : "Photos of cats, lemons, dogs and feet please!",
      "entities" : [
        {
          "entity" : "subject",
          "value" : "\"cats\"",
          "start" : 10,
          "end" : 14
        },
        {
          "entity" : "subject",
          "value" : "\"lemons\"",
          "start" : 16,
          "end" : 22
        },
        {
          "entity" : "subject",
          "value" : "\"dogs\"",
          "start" : 24,
          "end" : 28
        },
        {
          "entity" : "subject",
          "value" : "\"feet\"",
          "start" : 33,
          "end" : 37
        }
      ]
    },
    {
      "text" : "Photos of frogs",
      "entities" : [
        {
          "entity" : "subject",
          "value" : "\"frogs\"",
          "start" : 10,
          "end" : 15
        }
      ]
    },
    {
      "text" : "Photos of lemons please",
      "entities" : [
        {
          "entity" : "subject",
          "value" : "\"lemons\"",
          "start" : 10,
          "end" : 16
        }
      ]
    },
    {
      "text" : "Photos of train stations",
      "entities" : [
        {
          "entity" : "subject",
          "value" : "\"train stations\"",
          "start" : 10,
          "end" : 24
        }
      ]
    },
    {
      "text" : "Photos of trains",
      "entities" : [
        {
          "entity" : "subject",
          "value" : "\"trains\"",
          "start" : 10,
          "end" : 16
        }
      ]
    },
    {
      "text" : "Photos. Cats. Now!",
      "entities" : [
        {
          "entity" : "subject",
          "value" : "\"cats\"",
          "start" : 8,
          "end" : 12
        }
      ]
    },
    {
      "text" : "Please can I get a nice picture of a cat?",
      "entities" : [
        {
          "entity" : "subject",
          "value" : "\"cat\"",
          "start" : 37,
          "end" : 40
        }
      ]
    },
    {
      "text" : "Please can I have a picture of a river reflection",
      "entities" : [
        {
          "entity" : "subject",
          "value" : "\"river reflection\"",
          "start" : 33,
          "end" : 49
        }
      ]
    },
    {
      "text" : "Please can you find me pictures of cats",
      "entities" : [
        {
          "entity" : "subject",
          "value" : "\"cats\"",
          "start" : 35,
          "end" : 39
        }
      ]
    },
    {
      "text" : "Please find me pictures of sparklers",
      "entities" : [
        {
          "entity" : "subject",
          "value" : "\"sparklers\"",
          "start" : 27,
          "end" : 36
        }
      ]
    },
    {
      "text" : "Please.."
    },
    {
      "text" : "Show me a green photo",
      "entities" : [
        {
          "entity" : "subject",
          "value" : "\"green\"",
          "start" : 10,
          "end" : 15
        }
      ]
    },
    {
      "text" : "Show me hello world photos!",
      "entities" : [
        {
          "entity" : "subject",
          "value" : "\"hello world\"",
          "start" : 8,
          "end" : 19
        }
      ]
    },
    {
      "text" : "Show me photos of cats",
      "entities" : [
        {
          "entity" : "subject",
          "value" : "\"cats\"",
          "start" : 18,
          "end" : 22
        }
      ]
    },
    {
      "text" : "Show me photos of chickens"
    },
    {
      "text" : "Show me photos of hay!",
      "entities" : [
        {
          "entity" : "subject",
          "value" : "\"hay\"",
          "start" : 18,
          "end" : 21
        }
      ]
    },
    {
      "text" : "Show me photos of hitops",
      "entities" : [
        {
          "entity" : "subject",
          "value" : "\"hitops\"",
          "start" : 18,
          "end" : 24
        }
      ]
    },
    {
      "text" : "Show me photos of lemons",
      "entities" : [
        {
          "entity" : "subject",
          "value" : "\"lemons\"",
          "start" : 18,
          "end" : 24
        }
      ]
    },
    {
      "text" : "Show me photos of toys",
      "entities" : [
        {
          "entity" : "subject",
          "value" : "\"toys\"",
          "start" : 18,
          "end" : 22
        }
      ]
    },
    {
      "text" : "Show me pics of chairs",
      "entities" : [
        {
          "entity" : "subject",
          "value" : "\"chairs\"",
          "start" : 16,
          "end" : 22
        }
      ]
    },
    {
      "text" : "Show me picture of lamps?"
    },
    {
      "text" : "Show me pictures of cats"
    },
    {
      "text" : "Show me pictures of cats and dogs please",
      "entities" : [
        {
          "entity" : "subject",
          "value" : "\"cats\"",
          "start" : 20,
          "end" : 24
        },
        {
          "entity" : "subject",
          "value" : "\"dogs\"",
          "start" : 29,
          "end" : 33
        }
      ]
    },
    {
      "text" : "Show me pictures of cats!",
      "entities" : [
        {
          "entity" : "subject",
          "value" : "\"cats\"",
          "start" : 20,
          "end" : 24
        }
      ]
    },
    {
      "text" : "Show me pictures of cats, dogs and fish",
      "entities" : [
        {
          "entity" : "subject",
          "value" : "\"cats\"",
          "start" : 20,
          "end" : 24
        },
        {
          "entity" : "subject",
          "value" : "\"dogs\"",
          "start" : 26,
          "end" : 30
        },
        {
          "entity" : "subject",
          "value" : "\"fish\"",
          "start" : 35,
          "end" : 39
        }
      ]
    },
    {
      "text" : "Show me pictures of cats, dogs and goats",
      "entities" : [
        {
          "entity" : "subject",
          "value" : "\"cats\"",
          "start" : 20,
          "end" : 24
        },
        {
          "entity" : "subject",
          "value" : "\"dogs\"",
          "start" : 26,
          "end" : 30
        },
        {
          "entity" : "subject",
          "value" : "\"goats\"",
          "start" : 35,
          "end" : 40
        }
      ]
    },
    {
      "text" : "Show me pictures of cats, dogs and pizza",
      "entities" : [
        {
          "entity" : "subject",
          "value" : "\"cats\"",
          "start" : 20,
          "end" : 24
        },
        {
          "entity" : "subject",
          "value" : "\"dogs\"",
          "start" : 26,
          "end" : 30
        },
        {
          "entity" : "subject",
          "value" : "\"pizza\"",
          "start" : 35,
          "end" : 40
        }
      ]
    },
    {
      "text" : "Show me pictures of cats, lemons and dogs!",
      "entities" : [
        {
          "entity" : "subject",
          "value" : "\"cats\"",
          "start" : 20,
          "end" : 24
        },
        {
          "entity" : "subject",
          "value" : "\"lemons\"",
          "start" : 26,
          "end" : 32
        },
        {
          "entity" : "subject",
          "value" : "\"dogs\"",
          "start" : 37,
          "end" : 41
        }
      ]
    },
    {
      "text" : "Show me pictures of desks"
    },
    {
      "text" : "Show me pictures of dogs",
      "entities" : [
        {
          "entity" : "subject",
          "value" : "\"dogs\"",
          "start" : 20,
          "end" : 24
        }
      ]
    },
    {
      "text" : "Show me pictures of lemons and oranges",
      "entities" : [
        {
          "entity" : "subject",
          "value" : "\"lemons\"",
          "start" : 20,
          "end" : 26
        },
        {
          "entity" : "subject",
          "value" : "\"oranges\"",
          "start" : 31,
          "end" : 38
        }
      ]
    },
    {
      "text" : "Show me pictures of people with sparklers",
      "entities" : [
        {
          "entity" : "subject",
          "value" : "\"people\"",
          "start" : 20,
          "end" : 26
        },
        {
          "entity" : "subject",
          "value" : "\"sparklers\"",
          "start" : 32,
          "end" : 41
        }
      ]
    },
    {
      "text" : "Show me pictures of sharks!",
      "entities" : [
        {
          "entity" : "subject",
          "value" : "\"sharks\"",
          "start" : 20,
          "end" : 26
        }
      ]
    },
    {
      "text" : "Show me pictures of sparklers and cats",
      "entities" : [
        {
          "entity" : "subject",
          "value" : "\"sparklers\"",
          "start" : 20,
          "end" : 29
        },
        {
          "entity" : "subject",
          "value" : "\"cats\"",
          "start" : 34,
          "end" : 38
        }
      ]
    },
    {
      "text" : "Show me some good photos of macbooks"
    },
    {
      "text" : "Spakrlers?",
      "entities" : [
        {
          "entity" : "subject",
          "value" : "\"Spakrlers\"",
          "start" : 0,
          "end" : 9
        }
      ]
    },
    {
      "text" : "Sparkler photo",
      "entities" : [
        {
          "entity" : "subject",
          "value" : "\"sparklers\"",
          "start" : 0,
          "end" : 8
        }
      ]
    },
    {
      "text" : "Sparklers",
      "entities" : [
        {
          "entity" : "subject",
          "value" : "\"sparklers\"",
          "start" : 0,
          "end" : 9
        }
      ]
    },
    {
      "text" : "Sup, can you get me some pictures of dogs?"
    },
    {
      "text" : "Testing"
    },
    {
      "text" : "Thank you",
      "entities" : [
        {
          "entity" : "thanks",
          "value" : "\"Thank you!\"",
          "start" : 0,
          "end" : 9
        }
      ]
    },
    {
      "text" : "Thank you :D",
      "entities" : [
        {
          "entity" : "thanks",
          "value" : "\"Thank\"",
          "start" : 0,
          "end" : 5
        }
      ]
    },
    {
      "text" : "Thank you so much!",
      "entities" : [
        {
          "entity" : "thanks",
          "value" : "\"Thank\"",
          "start" : 0,
          "end" : 5
        }
      ]
    },
    {
      "text" : "Thank you unsplash bot!",
      "entities" : [
        {
          "entity" : "thanks",
          "value" : "\"Thank you!\"",
          "start" : 0,
          "end" : 9
        }
      ]
    },
    {
      "text" : "Thank you!",
      "entities" : [
        {
          "entity" : "thanks",
          "value" : "\"Thank you!\"",
          "start" : 0,
          "end" : 10
        }
      ]
    },
    {
      "text" : "Thanks for that!",
      "entities" : [
        {
          "entity" : "thanks",
          "value" : "\"Thanks for that!\"",
          "start" : 0,
          "end" : 16
        }
      ]
    },
    {
      "text" : "Thanks unsplash bot!",
      "entities" : [
        {
          "entity" : "thanks",
          "value" : "\"Thanks\"",
          "start" : 0,
          "end" : 6
        }
      ]
    },
    {
      "text" : "Thanks!",
      "entities" : [
        {
          "entity" : "thanks",
          "value" : "\"Thanks\"",
          "start" : 0,
          "end" : 6
        }
      ]
    },
    {
      "text" : "Thanks! You're awesome!",
      "entities" : [
        {
          "entity" : "thanks",
          "value" : "\"Thanks\"",
          "start" : 0,
          "end" : 6
        },
        {
          "entity" : "thanks",
          "value" : "\"Awesome!\"",
          "start" : 15,
          "end" : 23
        }
      ]
    },
    {
      "text" : "Thanks, I'd like a photo of a fish please?",
      "entities" : [
        {
          "entity" : "subject",
          "value" : "\"fish\"",
          "start" : 30,
          "end" : 34
        }
      ]
    },
    {
      "text" : "Thanks.",
      "entities" : [
        {
          "entity" : "thanks",
          "value" : "\"Thanks\"",
          "start" : 0,
          "end" : 6
        }
      ]
    },
    {
      "text" : "That's awesome! Thanks!",
      "entities" : [
        {
          "entity" : "thanks",
          "value" : "\"Awesome!\"",
          "start" : 7,
          "end" : 15
        },
        {
          "entity" : "thanks",
          "value" : "\"Thanks\"",
          "start" : 16,
          "end" : 22
        }
      ]
    },
    {
      "text" : "That's cheating"
    },
    {
      "text" : "Train photos",
      "entities" : [
        {
          "entity" : "subject",
          "value" : "\"Train\"",
          "start" : 0,
          "end" : 5
        }
      ]
    },
    {
      "text" : "Train station photos?",
      "entities" : [
        {
          "entity" : "subject",
          "value" : "\"Train station\"",
          "start" : 0,
          "end" : 13
        }
      ]
    },
    {
      "text" : "Well done!",
      "entities" : [
        {
          "entity" : "thanks",
          "value" : "\"Well done!\"",
          "start" : 0,
          "end" : 10
        }
      ]
    },
    {
      "text" : "What do I do? Where'd they go?",
      "entities" : [
        {
          "entity" : "greeting",
          "value" : "\"hey\""
        }
      ]
    },
    {
      "text" : "What is 8 + 6"
    },
    {
      "text" : "Who is Frank Lopez"
    },
    {
      "text" : "Yellow cats please",
      "entities" : [
        {
          "entity" : "subject",
          "value" : "\"yellow\"",
          "start" : 0,
          "end" : 6
        },
        {
          "entity" : "subject",
          "value" : "\"cats\"",
          "start" : 7,
          "end" : 11
        }
      ]
    },
    {
      "text" : "Yo"
    },
    {
      "text" : "Yo!"
    },
    {
      "text" : "Yo, get me pictures of cats!",
      "entities" : [
        {
          "entity" : "subject",
          "value" : "\"cats\"",
          "start" : 23,
          "end" : 27
        }
      ]
    },
    {
      "text" : "You need to improve that"
    },
    {
      "text" : "You're awesome!",
      "entities" : [
        {
          "entity" : "thanks",
          "value" : "\"Awesome!\"",
          "start" : 7,
          "end" : 15
        }
      ]
    },
    {
      "text" : "get pizza photos",
      "entities" : [
        {
          "entity" : "subject",
          "value" : "\"pizza\"",
          "start" : 4,
          "end" : 9
        }
      ]
    },
    {
      "text" : "hello",
      "entities" : [
        {
          "entity" : "greeting",
          "value" : "\"hello\"",
          "start" : 0,
          "end" : 5
        }
      ]
    },
    {
      "text" : "pictures of racing",
      "entities" : [
        {
          "entity" : "subject",
          "value" : "\"racing\"",
          "start" : 12,
          "end" : 18
        }
      ]
    }
  ]
}