{
  "data" : {
    "lookups" : [
      "free-text",
      "keywords",
      "trait"
    ],
    "name" : "greeting",
    "lang" : "en",
    "exotic" : false,
    "id" : "greeting",
    "values" : [
      {
        "value" : "Heyyy",
        "expressions" : [
          "Heyyy"
        ]
      },
      {
        "value" : "Oi",
        "expressions" : [
          "Oi"
        ]
      },
      {
        "value" : "hello",
        "expressions" : [
          "hello"
        ]
      },
      {
        "value" : "hey",
        "expressions" : [
          "hey"
        ]
      },
      {
        "value" : "hi",
        "expressions" : [
          "hi"
        ]
      }
    ],
    "doc" : "User-defined entity",
    "builtin" : false
  }
}