{
  "data" : {
    "lookups" : [
      "free-text",
      "keywords",
      "trait"
    ],
    "name" : "subject",
    "lang" : "en",
    "exotic" : false,
    "id" : "subject",
    "values" : [
      {
        "value" : "Elephant",
        "expressions" : [
          "Elephant"
        ]
      },
      {
        "value" : "Girls",
        "expressions" : [
          "Girls"
        ]
      },
      {
        "value" : "Jungfrau",
        "expressions" : [
          "Jungfrau"
        ]
      },
      {
        "value" : "Labradors",
        "expressions" : [
          "Labradors"
        ]
      },
      {
        "value" : "Spakrlers",
        "expressions" : [
          "Spakrlers"
        ]
      },
      {
        "value" : "Train",
        "expressions" : [
          "Train"
        ]
      },
      {
        "value" : "Zurich",
        "expressions" : [
          "Zurich"
        ]
      },
      {
        "value" : "apples",
        "expressions" : [
          "apples"
        ]
      },
      {
        "value" : "baby",
        "expressions" : [
          "baby"
        ]
      },
      {
        "value" : "bananas",
        "expressions" : [
          "bananas"
        ]
      },
      {
        "value" : "blue",
        "expressions" : [
          "blue"
        ]
      },
      {
        "value" : "burger",
        "expressions" : [
          "burger"
        ]
      },
      {
        "value" : "canvas",
        "expressions" : [
          "canvas"
        ]
      },
      {
        "value" : "cars",
        "expressions" : [
          "cars"
        ]
      },
      {
        "value" : "cat",
        "expressions" : [
          "cat"
        ]
      },
      {
        "value" : "cats",
        "expressions" : [
          "cats"
        ]
      },
      {
        "value" : "chairs",
        "expressions" : [
          "chairs"
        ]
      },
      {
        "value" : "chicken",
        "expressions" : [
          "chicken"
        ]
      },
      {
        "value" : "chickens",
        "expressions" : [
          "chickens"
        ]
      },
      {
        "value" : "deer",
        "expressions" : [
          "deer"
        ]
      },
      {
        "value" : "desk",
        "expressions" : [
          "desk"
        ]
      },
      {
        "value" : "desks",
        "expressions" : [
          "desks"
        ]
      },
      {
        "value" : "dish",
        "expressions" : [
          "dish"
        ]
      },
      {
        "value" : "dog",
        "expressions" : [
          "dog"
        ]
      },
      {
        "value" : "dogs",
        "expressions" : [
          "dogs"
        ]
      },
      {
        "value" : "donkey",
        "expressions" : [
          "donkey"
        ]
      },
      {
        "value" : "donkeys",
        "expressions" : [
          "donkeys"
        ]
      },
      {
        "value" : "elephants trunk",
        "expressions" : [
          "elephants trunk"
        ]
      },
      {
        "value" : "feet",
        "expressions" : [
          "feet"
        ]
      },
      {
        "value" : "fish",
        "expressions" : [
          "fish"
        ]
      },
      {
        "value" : "fishing",
        "expressions" : [
          "fishing"
        ]
      },
      {
        "value" : "frogs",
        "expressions" : [
          "frogs"
        ]
      },
      {
        "value" : "giraffe",
        "expressions" : [
          "giraffe"
        ]
      },
      {
        "value" : "goats",
        "expressions" : [
          "goats"
        ]
      },
      {
        "value" : "grass",
        "expressions" : [
          "grass"
        ]
      },
      {
        "value" : "green",
        "expressions" : [
          "green"
        ]
      },
      {
        "value" : "hay",
        "expressions" : [
          "hay"
        ]
      },
      {
        "value" : "hello world",
        "expressions" : [
          "hello world"
        ]
      },
      {
        "value" : "highchair",
        "expressions" : [
          "highchair"
        ]
      },
      {
        "value" : "hitops",
        "expressions" : [
          "hitops"
        ]
      },
      {
        "value" : "iphones",
        "expressions" : [
          "iphones"
        ]
      },
      {
        "value" : "kangaroo",
        "expressions" : [
          "kangaroo"
        ]
      },
      {
        "value" : "laptops",
        "expressions" : [
          "laptops"
        ]
      },
      {
        "value" : "lemons",
        "expressions" : [
          "lemons"
        ]
      },
      {
        "value" : "lion",
        "expressions" : [
          "lion"
        ]
      },
      {
        "value" : "mice",
        "expressions" : [
          "mice"
        ]
      },
      {
        "value" : "money",
        "expressions" : [
          "money"
        ]
      },
      {
        "value" : "monkey",
        "expressions" : [
          "monkey"
        ]
      },
      {
        "value" : "monkeys",
        "expressions" : [
          "monkeys"
        ]
      },
      {
        "value" : "mountains",
        "expressions" : [
          "mountains"
        ]
      },
      {
        "value" : "mustangs",
        "expressions" : [
          "mustangs"
        ]
      },
      {
        "value" : "office desk",
        "expressions" : [
          "office desk"
        ]
      },
      {
        "value" : "oranges",
        "expressions" : [
          "oranges"
        ]
      },
      {
        "value" : "people",
        "expressions" : [
          "people"
        ]
      },
      {
        "value" : "pizza",
        "expressions" : [
          "pizza"
        ]
      },
      {
        "value" : "printers",
        "expressions" : [
          "printers"
        ]
      },
      {
        "value" : "puppy",
        "expressions" : [
          "puppy"
        ]
      },
      {
        "value" : "racing",
        "expressions" : [
          "racing"
        ]
      },
      {
        "value" : "rain",
        "expressions" : [
          "rain"
        ]
      },
      {
        "value" : "river reflection",
        "expressions" : [
          "river reflection"
        ]
      },
      {
        "value" : "sandwiches",
        "expressions" : [
          "sandwiches"
        ]
      },
      {
        "value" : "seaguls",
        "expressions" : [
          "seaguls"
        ]
      },
      {
        "value" : "sharks",
        "expressions" : [
          "sharks"
        ]
      },
      {
        "value" : "sparklers",
        "expressions" : [
          "sparkler",
          "sparklers"
        ]
      },
      {
        "value" : "spider",
        "expressions" : [
          "spider"
        ]
      },
      {
        "value" : "spider webs",
        "expressions" : [
          "spider webs"
        ]
      },
      {
        "value" : "stairs",
        "expressions" : [
          "stairs"
        ]
      },
      {
        "value" : "surfer",
        "expressions" : [
          "surfer"
        ]
      },
      {
        "value" : "tables",
        "expressions" : [
          "tables"
        ]
      },
      {
        "value" : "tigers",
        "expressions" : [
          "tigers"
        ]
      },
      {
        "value" : "toyota",
        "expressions" : [
          "toyota"
        ]
      },
      {
        "value" : "toys",
        "expressions" : [
          "toys"
        ]
      },
      {
        "value" : "train station",
        "expressions" : [
          "train station"
        ]
      },
      {
        "value" : "train stations",
        "expressions" : [
          "train stations"
        ]
      },
      {
        "value" : "trains",
        "expressions" : [
          "trains"
        ]
      },
      {
        "value" : "yellow",
        "expressions" : [
          "yellow"
        ]
      }
    ],
    "doc" : "User-defined entity",
    "builtin" : false
  }
}