{
  "data" : {
    "lookups" : [
      "free-text",
      "keywords",
      "trait"
    ],
    "name" : "thanks",
    "lang" : "en",
    "exotic" : false,
    "id" : "thanks",
    "values" : [
      {
        "value" : "Awesome!",
        "expressions" : [
          "Awesome!"
        ]
      },
      {
        "value" : "Awesome, cheers for that!",
        "expressions" : [
          "Awesome, cheers for that!"
        ]
      },
      {
        "value" : "Cheers!",
        "expressions" : [
          "Cheers!"
        ]
      },
      {
        "value" : "Cool",
        "expressions" : [
          "Cool"
        ]
      },
      {
        "value" : "Good job!",
        "expressions" : [
          "Good job!"
        ]
      },
      {
        "value" : "Nice",
        "expressions" : [
          "Nice"
        ]
      },
      {
        "value" : "Nice one!",
        "expressions" : [
          "Nice one!"
        ]
      },
      {
        "value" : "Thank",
        "expressions" : [
          "Thank"
        ]
      },
      {
        "value" : "Thank you!",
        "expressions" : [
          "Thank you!",
          "thank you"
        ]
      },
      {
        "value" : "Thanks",
        "expressions" : [
          "Thanks"
        ]
      },
      {
        "value" : "Thanks for that!",
        "expressions" : [
          "Thanks for that!"
        ]
      },
      {
        "value" : "Well done!",
        "expressions" : [
          "Well done!"
        ]
      }
    ],
    "doc" : "User-defined entity",
    "builtin" : false
  }
}